Time Stamp,2023-12-06T16:13:52.500705,Pin,13,Mode,1,left off
Time Stamp,2023-12-06T16:15:28.815737,Pin,12,Mode,1,right on
Time Stamp,2023-12-06T16:15:29.118524,Pin,12,Mode,1,right off
Time Stamp,2023-12-06T16:15:30.257243,Pin,12,Mode,1,right on
Time Stamp,2023-12-06T16:15:39.456180,Pin,12,Mode,1,right off
Time Stamp,2023-12-06T16:15:44.100974,Pin,13,Mode,1,left on
Time Stamp,2023-12-06T16:15:44.202066,Pin,13,Mode,1,left on
Time Stamp,2023-12-06T16:15:45.538173,Pin,13,Mode,1,left off
Time Stamp,2023-12-06T16:16:01.093842,Pin,12,Mode,1,right on
Time Stamp,2023-12-06T16:16:01.195214,Pin,12,Mode,1,right on
Time Stamp,2023-12-06T16:16:03.534919,Pin,12,Mode,1,right off
Time Stamp,2023-12-06T16:16:03.635693,Pin,13,Mode,1,left off
Time Stamp,2023-12-06T16:16:05.427135,Pin,12,Mode,1,right on
Time Stamp,2023-12-06T16:16:07.716564,Pin,12,Mode,1,right off
Time Stamp,2023-12-06T16:16:07.827359,Pin,13,Mode,1,left off
Time Stamp,2023-12-06T16:16:19.627226,Pin,12,Mode,1,right on
Time Stamp,2023-12-06T16:16:19.728731,Pin,12,Mode,1,right on
Time Stamp,2023-12-06T16:16:21.744593,Pin,12,Mode,1,right off
Time Stamp,2023-12-06T16:16:21.846164,Pin,13,Mode,1,left off
Time Stamp,2023-12-06T16:16:36.743115,Pin,13,Mode,1,left on
Time Stamp,2023-12-06T16:16:37.054371,Pin,13,Mode,1,left on
Time Stamp,2023-12-06T16:16:39.941667,Pin,13,Mode,1,left off
Time Stamp,2023-12-06T16:17:20.506045,Pin,13,Mode,1,left on
Time Stamp,2023-12-06T16:17:20.606886,Pin,13,Mode,1,left on
Time Stamp,2023-12-06T16:17:22.820056,Pin,13,Mode,1,left off
Time Stamp,2023-12-06T16:17:27.587269,Pin,12,Mode,1,right on
Time Stamp,2023-12-06T16:17:29.373179,Pin,12,Mode,1,right on
Time Stamp,2023-12-06T16:17:29.475163,Pin,12,Mode,1,right off
Time Stamp,2023-12-06T16:17:33.378454,Pin,12,Mode,1,right on
Time Stamp,2023-12-06T16:17:33.479324,Pin,12,Mode,1,right on
Time Stamp,2023-12-06T16:17:34.947325,Pin,12,Mode,1,right off
Time Stamp,2023-12-06T16:17:35.049729,Pin,13,Mode,1,left off
Time Stamp,2023-12-06T16:18:06.045969,Pin,13,Mode,1,left on
Time Stamp,2023-12-06T16:18:06.146698,Pin,13,Mode,1,left on
Time Stamp,2023-12-06T16:18:08.564832,Pin,13,Mode,1,left off
Time Stamp,2023-12-06T16:18:29.711342,Pin,12,Mode,1,right on
Time Stamp,2023-12-06T16:18:31.333182,Pin,12,Mode,1,right off
Time Stamp,2023-12-06T16:18:31.434572,Pin,13,Mode,1,left off
Time Stamp,2023-12-06T16:18:50.673204,Pin,12,Mode,1,right on
Time Stamp,2023-12-06T16:18:53.933436,Pin,12,Mode,1,right off
Time Stamp,2023-12-06T16:18:54.035056,Pin,13,Mode,1,left off
Time Stamp,2023-12-06T16:18:57.631579,Pin,13,Mode,1,left on
Time Stamp,2023-12-06T16:19:00.343079,Pin,13,Mode,1,left off
Time Stamp,2023-12-06T16:19:08.399383,Pin,12,Mode,1,right on
Time Stamp,2023-12-06T16:19:10.799491,Pin,12,Mode,1,right off
Time Stamp,2023-12-06T16:19:32.498361,Pin,13,Mode,1,left on
Time Stamp,2023-12-06T16:19:32.599069,Pin,13,Mode,1,left on
Time Stamp,2023-12-06T16:19:34.735071,Pin,13,Mode,1,left off
Time Stamp,2023-12-06T16:19:54.975926,Pin,12,Mode,1,right on
Time Stamp,2023-12-06T16:19:55.076736,Pin,12,Mode,1,right on
Time Stamp,2023-12-06T16:19:57.765422,Pin,12,Mode,1,right off
Time Stamp,2023-12-06T16:19:57.866441,Pin,13,Mode,1,left off
Time Stamp,2023-12-06T16:20:06.751322,Pin,13,Mode,1,left on
Time Stamp,2023-12-06T16:20:09.081545,Pin,13,Mode,1,left off
Time Stamp,2023-12-06T16:20:16.052609,Pin,12,Mode,1,right on
Time Stamp,2023-12-06T16:20:19.124382,Pin,12,Mode,1,right off
Time Stamp,2023-12-06T16:20:19.225467,Pin,13,Mode,1,left off
Time Stamp,2023-12-06T16:20:25.005948,Pin,13,Mode,1,left on
Time Stamp,2023-12-06T16:20:25.107127,Pin,13,Mode,1,left on
Time Stamp,2023-12-06T16:20:26.537785,Pin,13,Mode,1,left on
Time Stamp,2023-12-06T16:20:26.639214,Pin,13,Mode,1,left off
Time Stamp,2023-12-06T16:20:32.398341,Pin,12,Mode,1,right on
Time Stamp,2023-12-06T16:20:34.700511,Pin,12,Mode,1,right off
Time Stamp,2023-12-06T16:20:40.274467,Pin,13,Mode,1,left on
Time Stamp,2023-12-06T16:20:40.606396,Pin,13,Mode,1,left on
Time Stamp,2023-12-06T16:20:42.592891,Pin,13,Mode,1,left on
Time Stamp,2023-12-06T16:20:42.693678,Pin,12,Mode,1,right on
Time Stamp,2023-12-06T16:20:47.442445,Pin,12,Mode,1,right off
Time Stamp,2023-12-06T16:20:50.403665,Pin,12,Mode,1,right on
Time Stamp,2023-12-06T16:20:50.542745,Pin,12,Mode,1,right off
Time Stamp,2023-12-06T16:20:50.643437,Pin,12,Mode,1,right on
Time Stamp,2023-12-06T16:20:50.919286,Pin,12,Mode,1,right off
Time Stamp,2023-12-06T16:20:52.934654,Pin,13,Mode,1,left on
Time Stamp,2023-12-06T16:20:53.774260,Pin,13,Mode,1,left off
Time Stamp,2023-12-06T16:20:53.875244,Pin,12,Mode,1,right off
Time Stamp,2023-12-06T16:20:55.297762,Pin,12,Mode,1,right on
Time Stamp,2023-12-06T16:20:55.398465,Pin,12,Mode,1,right on
Time Stamp,2023-12-06T16:20:57.124478,Pin,12,Mode,1,right off
Time Stamp,2023-12-06T16:21:26.343119,Pin,13,Mode,1,left on
Time Stamp,2023-12-06T16:21:26.445164,Pin,13,Mode,1,left on
Time Stamp,2023-12-06T16:21:28.469042,Pin,13,Mode,1,left on
Time Stamp,2023-12-06T16:21:28.571578,Pin,12,Mode,1,right off
Time Stamp,2023-12-06T16:21:30.434922,Pin,13,Mode,1,left on
Time Stamp,2023-12-06T16:21:30.535847,Pin,13,Mode,1,left on
Time Stamp,2023-12-06T16:21:31.356170,Pin,13,Mode,1,left off
Time Stamp,2023-12-06T16:21:44.942292,Pin,12,Mode,1,right on
Time Stamp,2023-12-06T16:21:45.042929,Pin,12,Mode,1,right on
Time Stamp,2023-12-06T16:21:47.379092,Pin,12,Mode,1,right off
Time Stamp,2023-12-06T16:21:47.481122,Pin,13,Mode,1,left off
Time Stamp,2023-12-06T16:21:56.802976,Pin,13,Mode,1,left on
Time Stamp,2023-12-06T16:21:59.240403,Pin,13,Mode,1,left off
Time Stamp,2023-12-06T16:22:25.526677,Pin,12,Mode,1,right on
Time Stamp,2023-12-06T16:22:27.320622,Pin,12,Mode,1,right off
Time Stamp,2023-12-06T16:22:34.016838,Pin,13,Mode,1,left on
Time Stamp,2023-12-06T16:22:36.441804,Pin,12,Mode,1,right on
Time Stamp,2023-12-06T16:22:36.543403,Pin,12,Mode,1,right off
Time Stamp,2023-12-06T16:22:38.042868,Pin,13,Mode,1,left on
Time Stamp,2023-12-06T16:22:38.143870,Pin,13,Mode,1,left on
Time Stamp,2023-12-06T16:22:38.755565,Pin,13,Mode,1,left off
Time Stamp,2023-12-06T16:22:59.614928,Pin,12,Mode,1,right on
Time Stamp,2023-12-06T16:22:59.795271,Pin,12,Mode,1,right on
Time Stamp,2023-12-06T16:23:01.323231,Pin,12,Mode,1,right off
Time Stamp,2023-12-06T16:23:14.179478,Pin,13,Mode,1,left on
Time Stamp,2023-12-06T16:23:14.280909,Pin,13,Mode,1,left on
Time Stamp,2023-12-06T16:23:15.408510,Pin,13,Mode,1,left on
Time Stamp,2023-12-06T16:23:15.510025,Pin,13,Mode,1,left off
Time Stamp,2023-12-06T16:23:37.357030,Pin,12,Mode,1,right on
Time Stamp,2023-12-06T16:23:40.752840,Pin,12,Mode,1,right off
Time Stamp,2023-12-06T16:23:40.853593,Pin,13,Mode,1,left off
Time Stamp,2023-12-06T16:23:52.158995,Pin,13,Mode,1,left on
Time Stamp,2023-12-06T16:23:52.260611,Pin,13,Mode,1,left on
Time Stamp,2023-12-06T16:23:54.182628,Pin,13,Mode,1,left off
Time Stamp,2023-12-06T16:25:15.261360,Pin,12,Mode,1,right on
Time Stamp,2023-12-06T16:25:15.362326,Pin,12,Mode,1,right on
Time Stamp,2023-12-06T16:25:17.874681,Pin,12,Mode,1,right off
Time Stamp,2023-12-06T16:25:17.976505,Pin,13,Mode,1,left off
Time Stamp,2023-12-06T16:25:49.346056,Pin,13,Mode,1,left on
Time Stamp,2023-12-06T16:25:49.446931,Pin,13,Mode,1,left on
Time Stamp,2023-12-06T16:25:51.479646,Pin,13,Mode,1,left off
Time Stamp,2023-12-06T16:26:04.942596,Pin,12,Mode,1,right on
Time Stamp,2023-12-06T16:35:59.952593,Pin,12,Mode,1,right on
Time Stamp,2023-12-06T16:36:02.607959,Pin,13,Mode,1,left on
Time Stamp,2023-12-06T16:36:02.979278,Pin,13,Mode,1,left off
Time Stamp,2023-12-06T16:36:04.264752,Pin,13,Mode,1,left on
Time Stamp,2023-12-06T16:36:04.367294,Pin,13,Mode,1,left on
Time Stamp,2023-12-06T16:36:05.243593,Pin,13,Mode,1,left off
Time Stamp,2023-12-06T16:36:06.156965,Pin,13,Mode,1,left on
Time Stamp,2023-12-06T16:36:06.366393,Pin,13,Mode,1,left on
Time Stamp,2023-12-06T16:36:08.651736,Pin,13,Mode,1,left off
Time Stamp,2023-12-06T16:36:11.006700,Pin,13,Mode,1,left on
Time Stamp,2023-12-06T16:36:12.125129,Pin,13,Mode,1,left off
Time Stamp,2023-12-06T16:36:13.107799,Pin,13,Mode,1,left on
Time Stamp,2023-12-06T16:36:19.889971,Pin,13,Mode,1,left off
Time Stamp,2023-12-06T16:36:39.197497,Pin,13,Mode,1,left on
Time Stamp,2023-12-06T16:36:39.496569,Pin,13,Mode,1,left off
Time Stamp,2023-12-06T16:36:40.750062,Pin,12,Mode,1,right on
Time Stamp,2023-12-06T16:36:40.852312,Pin,12,Mode,1,right on
Time Stamp,2023-12-06T16:36:41.437837,Pin,12,Mode,1,right off
Time Stamp,2023-12-06T16:36:41.667571,Pin,13,Mode,1,left off
Time Stamp,2023-12-06T16:36:52.660884,Pin,12,Mode,1,right on
Time Stamp,2023-12-06T16:36:52.763669,Pin,12,Mode,1,right on
Time Stamp,2023-12-06T16:36:53.630764,Pin,12,Mode,1,right off
Time Stamp,2023-12-06T16:36:54.441904,Pin,12,Mode,1,right on
Time Stamp,2023-12-06T16:36:55.281677,Pin,12,Mode,1,right off
Time Stamp,2023-12-06T16:36:57.197817,Pin,12,Mode,1,right on
Time Stamp,2023-12-06T16:36:57.299186,Pin,12,Mode,1,right on
Time Stamp,2023-12-06T16:36:57.805096,Pin,12,Mode,1,right off
Time Stamp,2023-12-06T16:37:11.701223,Pin,12,Mode,1,right on
Time Stamp,2023-12-06T16:37:11.927000,Pin,12,Mode,1,right off
Time Stamp,2023-12-06T16:37:12.721673,Pin,12,Mode,1,right on
Time Stamp,2023-12-06T16:37:14.420892,Pin,12,Mode,1,right off
Time Stamp,2023-12-06T16:37:21.924998,Pin,12,Mode,1,right on
Time Stamp,2023-12-06T16:37:23.159309,Pin,12,Mode,1,right off
Time Stamp,2023-12-06T16:48:54.038277,Pin,12,Mode,1,right on
Time Stamp,2023-12-06T16:48:54.139135,Pin,12,Mode,1,right on
Time Stamp,2023-12-06T16:48:55.132226,Pin,12,Mode,1,right off
Time Stamp,2023-12-06T16:49:03.172077,Pin,12,Mode,1,right on
Time Stamp,2023-12-06T16:49:10.454382,Pin,12,Mode,1,right off
Time Stamp,2023-12-06T16:49:11.838329,Pin,12,Mode,1,right on
Time Stamp,2023-12-06T16:49:12.989503,Pin,12,Mode,1,right off
Time Stamp,2023-12-06T16:49:14.070637,Pin,12,Mode,1,right on
Time Stamp,2023-12-06T16:49:14.172139,Pin,12,Mode,1,right on
Time Stamp,2023-12-06T16:49:14.529275,Pin,12,Mode,1,right off
Time Stamp,2023-12-06T16:49:22.507988,Pin,13,Mode,1,left on
Time Stamp,2023-12-06T16:49:22.609585,Pin,13,Mode,1,left on
Time Stamp,2023-12-06T16:49:23.683215,Pin,13,Mode,1,left off
Time Stamp,2023-12-06T16:49:28.983472,Pin,12,Mode,1,right on
Time Stamp,2023-12-06T16:49:32.095693,Pin,12,Mode,1,right off
Time Stamp,2023-12-06T16:49:47.344313,Pin,13,Mode,1,left on
Time Stamp,2023-12-06T16:49:47.786926,Pin,13,Mode,1,left off
Time Stamp,2023-12-06T16:49:54.884263,Pin,12,Mode,1,right on
Time Stamp,2023-12-06T16:49:58.189641,Pin,12,Mode,1,right off
Time Stamp,2023-12-06T16:50:09.506100,Pin,13,Mode,1,left on
Time Stamp,2023-12-06T16:50:10.968772,Pin,13,Mode,1,left off
Time Stamp,2023-12-06T16:50:11.861420,Pin,13,Mode,1,left on
Time Stamp,2023-12-06T16:50:13.495548,Pin,13,Mode,1,left off
Time Stamp,2023-12-06T16:50:33.470460,Pin,13,Mode,1,left on
Time Stamp,2023-12-06T16:50:36.226645,Pin,13,Mode,1,left off
Time Stamp,2023-12-06T16:50:39.101996,Pin,12,Mode,1,right on
Time Stamp,2023-12-06T16:50:42.939896,Pin,12,Mode,1,right off
Time Stamp,2023-12-06T16:50:46.089203,Pin,13,Mode,1,left on
Time Stamp,2023-12-06T16:50:47.547557,Pin,13,Mode,1,left off
Time Stamp,2023-12-06T16:50:53.068195,Pin,12,Mode,1,right on
Time Stamp,2023-12-06T16:50:55.755025,Pin,12,Mode,1,right off
Time Stamp,2023-12-06T16:51:02.496608,Pin,13,Mode,1,left on
Time Stamp,2023-12-06T16:51:04.671476,Pin,13,Mode,1,left off
Time Stamp,2023-12-06T16:51:10.172084,Pin,12,Mode,1,right on
Time Stamp,2023-12-06T16:51:12.949064,Pin,12,Mode,1,right off
Time Stamp,2023-12-06T16:51:18.531655,Pin,13,Mode,1,left on
Time Stamp,2023-12-06T16:51:19.285151,Pin,13,Mode,1,left off
Time Stamp,2023-12-06T16:51:28.676739,Pin,13,Mode,1,left on
Time Stamp,2023-12-06T16:51:31.736210,Pin,13,Mode,1,left off
Time Stamp,2023-12-06T16:51:47.009221,Pin,12,Mode,1,right on
Time Stamp,2023-12-06T16:51:50.085175,Pin,12,Mode,1,right off
Time Stamp,2023-12-06T16:52:00.914043,Pin,13,Mode,1,left on
Time Stamp,2023-12-06T16:52:04.072036,Pin,13,Mode,1,left off
Time Stamp,2023-12-06T16:52:07.647279,Pin,13,Mode,1,left on
Time Stamp,2023-12-06T16:52:07.782645,Pin,13,Mode,1,left on
Time Stamp,2023-12-06T16:52:08.310927,Pin,13,Mode,1,left off
Time Stamp,2023-12-06T16:52:10.743585,Pin,13,Mode,1,left on
Time Stamp,2023-12-06T16:52:10.844376,Pin,13,Mode,1,left on
Time Stamp,2023-12-06T16:52:11.255552,Pin,13,Mode,1,left off
Time Stamp,2023-12-06T16:52:13.352617,Pin,13,Mode,1,left on
Time Stamp,2023-12-06T16:52:16.154445,Pin,13,Mode,1,left off
Time Stamp,2023-12-06T16:52:25.938874,Pin,12,Mode,1,right on
Time Stamp,2023-12-06T16:52:28.769298,Pin,12,Mode,1,right off
Time Stamp,2023-12-06T16:52:38.918434,Pin,12,Mode,1,right on
Time Stamp,2023-12-06T16:52:41.727823,Pin,12,Mode,1,right off
Time Stamp,2023-12-06T16:52:53.138460,Pin,13,Mode,1,left on
Time Stamp,2023-12-06T16:52:55.125106,Pin,13,Mode,1,left off
Time Stamp,2023-12-06T16:53:07.432873,Pin,12,Mode,1,right on
Time Stamp,2023-12-06T16:53:09.984217,Pin,12,Mode,1,right off
Time Stamp,2023-12-06T16:53:15.427733,Pin,13,Mode,1,left on
Time Stamp,2023-12-06T16:53:18.073420,Pin,13,Mode,1,left off
Time Stamp,2023-12-06T16:53:30.364534,Pin,12,Mode,1,right on
Time Stamp,2023-12-06T16:53:32.732004,Pin,12,Mode,1,right off
Time Stamp,2023-12-06T16:53:36.753670,Pin,13,Mode,1,left on
Time Stamp,2023-12-06T16:53:36.854991,Pin,13,Mode,1,left on
Time Stamp,2023-12-06T16:53:38.928558,Pin,13,Mode,1,left on
Time Stamp,2023-12-06T16:53:39.029241,Pin,13,Mode,1,left off
Time Stamp,2023-12-06T16:53:58.825644,Pin,12,Mode,1,right on
Time Stamp,2023-12-06T16:53:58.985634,Pin,12,Mode,1,right off
Time Stamp,2023-12-06T16:53:59.128631,Pin,12,Mode,1,right on
Time Stamp,2023-12-06T16:53:59.229406,Pin,12,Mode,1,right on
Time Stamp,2023-12-06T16:53:59.894558,Pin,12,Mode,1,right off
Time Stamp,2023-12-06T16:54:08.499795,Pin,13,Mode,1,left on
Time Stamp,2023-12-06T16:54:12.083334,Pin,13,Mode,1,left off
Time Stamp,2023-12-06T16:54:23.297857,Pin,12,Mode,1,right on
Time Stamp,2023-12-06T16:54:25.788043,Pin,12,Mode,1,right off
Time Stamp,2023-12-06T16:55:11.655605,Pin,13,Mode,1,left on
Time Stamp,2023-12-06T16:55:13.302379,Pin,13,Mode,1,left off
Time Stamp,2023-12-06T16:55:16.890072,Pin,13,Mode,1,left on
Time Stamp,2023-12-06T16:55:20.998458,Pin,13,Mode,1,left off
Time Stamp,2023-12-06T16:55:28.210595,Pin,12,Mode,1,right on
Time Stamp,2023-12-06T16:55:30.230161,Pin,12,Mode,1,right off
Time Stamp,2023-12-06T16:56:01.783566,Pin,12,Mode,1,right on
Time Stamp,2023-12-06T16:56:04.327068,Pin,12,Mode,1,right off
Time Stamp,2023-12-06T16:56:13.681442,Pin,13,Mode,1,left on
Time Stamp,2023-12-06T16:56:15.786604,Pin,13,Mode,1,left off
Time Stamp,2023-12-06T16:56:20.472161,Pin,12,Mode,1,right on
Time Stamp,2023-12-06T16:56:22.905025,Pin,12,Mode,1,right off
Time Stamp,2023-12-06T16:56:47.782518,Pin,13,Mode,1,left on
Time Stamp,2023-12-06T16:56:48.630407,Pin,13,Mode,1,left off
Time Stamp,2023-12-06T16:56:51.534104,Pin,13,Mode,1,left on
Time Stamp,2023-12-06T16:56:52.922802,Pin,13,Mode,1,left off
Time Stamp,2023-12-06T16:56:59.532929,Pin,12,Mode,1,right off
Time Stamp,2023-12-06T16:56:59.634638,Pin,12,Mode,1,right on
Time Stamp,2023-12-06T16:57:00.164024,Pin,12,Mode,1,right off
Time Stamp,2023-12-06T16:57:09.432387,Pin,12,Mode,1,right on
Time Stamp,2023-12-06T16:57:12.344695,Pin,12,Mode,1,right off
Time Stamp,2023-12-06T16:57:22.821643,Pin,13,Mode,1,left on
Time Stamp,2023-12-06T16:57:26.139160,Pin,13,Mode,1,left off
Time Stamp,2023-12-06T16:57:33.486496,Pin,12,Mode,1,right on
Time Stamp,2023-12-06T16:57:35.899272,Pin,12,Mode,1,right off
Time Stamp,2023-12-06T16:57:40.699236,Pin,13,Mode,1,left on
Time Stamp,2023-12-06T16:57:43.930676,Pin,13,Mode,1,left off
Time Stamp,2023-12-06T16:57:54.350098,Pin,12,Mode,1,right on
Time Stamp,2023-12-06T16:57:56.893984,Pin,12,Mode,1,right off
Time Stamp,2023-12-06T16:58:08.300146,Pin,13,Mode,1,left on
Time Stamp,2023-12-06T16:58:10.159553,Pin,13,Mode,1,left off
Time Stamp,2023-12-06T16:58:31.723601,Pin,12,Mode,1,right on
Time Stamp,2023-12-06T16:58:33.517771,Pin,12,Mode,1,right off
Time Stamp,2023-12-06T16:58:38.457287,Pin,13,Mode,1,left on
Time Stamp,2023-12-06T16:58:41.328125,Pin,13,Mode,1,left off
Time Stamp,2023-12-06T17:01:00.668848,Pin,12,Mode,1,right on
Time Stamp,2023-12-06T17:01:00.770051,Pin,12,Mode,1,right on
Time Stamp,2023-12-06T17:01:13.766637,Pin,12,Mode,5,right off
Time Stamp,2023-12-06T17:01:20.049862,Pin,12,Mode,5,right on
Time Stamp,2023-12-06T17:01:20.150800,Pin,12,Mode,5,right on
Time Stamp,2023-12-06T17:01:20.651540,Pin,12,Mode,5,right off
Time Stamp,2023-12-06T17:01:24.497427,Pin,12,Mode,5,right on
Time Stamp,2023-12-06T17:01:24.710650,Pin,12,Mode,5,right off
Time Stamp,2023-12-06T17:01:41.339007,Pin,12,Mode,5,right on
Time Stamp,2023-12-06T17:01:41.523466,Pin,12,Mode,5,right off
Time Stamp,2023-12-06T17:01:50.910866,Pin,12,Mode,5,right on
Time Stamp,2023-12-06T17:01:51.160701,Pin,12,Mode,5,right off
Time Stamp,2023-12-06T17:02:01.215586,Pin,12,Mode,5,right on
Time Stamp,2023-12-06T17:02:01.420475,Pin,12,Mode,5,right off
Time Stamp,2023-12-06T17:02:07.469774,Pin,13,Mode,5,left on
Time Stamp,2023-12-06T17:02:07.715719,Pin,13,Mode,5,left off
Time Stamp,2023-12-06T17:02:13.355347,Pin,12,Mode,5,right on
Time Stamp,2023-12-06T17:02:13.531861,Pin,12,Mode,5,right off
Time Stamp,2023-12-06T17:02:17.746094,Pin,13,Mode,5,left on
Time Stamp,2023-12-06T17:02:18.298993,Pin,13,Mode,5,left off
Time Stamp,2023-12-06T17:02:23.422658,Pin,12,Mode,5,right on
Time Stamp,2023-12-06T17:02:23.602895,Pin,12,Mode,5,right off
Time Stamp,2023-12-06T17:02:54.877969,Pin,13,Mode,5,left on
Time Stamp,2023-12-06T17:02:55.062389,Pin,13,Mode,5,left off
Time Stamp,2023-12-06T17:03:02.520779,Pin,12,Mode,5,right on
Time Stamp,2023-12-06T17:03:02.621469,Pin,12,Mode,5,right on
Time Stamp,2023-12-06T17:03:03.102201,Pin,12,Mode,5,right off
Time Stamp,2023-12-06T17:03:08.225955,Pin,13,Mode,5,left on
Time Stamp,2023-12-06T17:03:08.385794,Pin,13,Mode,5,left off
Time Stamp,2023-12-06T17:03:13.874024,Pin,12,Mode,5,right on
Time Stamp,2023-12-06T17:03:14.037586,Pin,12,Mode,5,right off
Time Stamp,2023-12-06T17:03:18.653856,Pin,13,Mode,5,left on
Time Stamp,2023-12-06T17:03:18.821395,Pin,13,Mode,5,left off
Time Stamp,2023-12-06T17:03:27.242109,Pin,12,Mode,5,right on
Time Stamp,2023-12-06T17:03:27.680349,Pin,12,Mode,5,right off
Time Stamp,2023-12-06T17:03:42.703480,Pin,13,Mode,5,left on
Time Stamp,2023-12-06T17:03:42.965674,Pin,13,Mode,5,left off
Time Stamp,2023-12-06T17:03:51.349725,Pin,12,Mode,5,right on
Time Stamp,2023-12-06T17:03:51.450815,Pin,12,Mode,5,right on
Time Stamp,2023-12-06T17:03:51.935469,Pin,12,Mode,5,right on
Time Stamp,2023-12-06T17:03:52.036915,Pin,12,Mode,5,right off
Time Stamp,2023-12-06T17:03:57.526120,Pin,13,Mode,5,left on
Time Stamp,2023-12-06T17:03:57.739189,Pin,13,Mode,5,left off
Time Stamp,2023-12-06T17:04:05.303683,Pin,12,Mode,5,right on
Time Stamp,2023-12-06T17:04:05.471796,Pin,12,Mode,5,right off
Time Stamp,2023-12-06T17:04:15.264826,Pin,13,Mode,5,left on
Time Stamp,2023-12-06T17:04:15.465214,Pin,13,Mode,5,left off
Time Stamp,2023-12-06T17:04:24.283492,Pin,12,Mode,5,right on
Time Stamp,2023-12-06T17:04:24.500546,Pin,12,Mode,5,right off
Time Stamp,2023-12-06T17:04:30.717678,Pin,13,Mode,5,left on
Time Stamp,2023-12-06T17:04:30.983836,Pin,13,Mode,5,left off
Time Stamp,2023-12-06T17:04:37.000959,Pin,12,Mode,5,right on
Time Stamp,2023-12-06T17:04:37.164368,Pin,12,Mode,5,right off
Time Stamp,2023-12-06T17:05:08.582870,Pin,13,Mode,5,left on
Time Stamp,2023-12-06T17:05:08.853071,Pin,13,Mode,5,left off
Time Stamp,2023-12-06T17:05:22.180262,Pin,12,Mode,5,right on
Time Stamp,2023-12-06T17:05:22.787044,Pin,12,Mode,5,right off
Time Stamp,2023-12-06T17:05:23.585626,Pin,12,Mode,5,right on
Time Stamp,2023-12-06T17:05:23.777991,Pin,12,Mode,5,right off
Time Stamp,2023-12-06T17:05:35.520239,Pin,13,Mode,5,left on
Time Stamp,2023-12-06T17:05:35.737144,Pin,13,Mode,5,left off
Time Stamp,2023-12-06T17:05:48.004076,Pin,12,Mode,5,right on
Time Stamp,2023-12-06T17:05:48.155872,Pin,12,Mode,5,right off
Time Stamp,2023-12-06T17:06:08.519607,Pin,13,Mode,5,left on
Time Stamp,2023-12-06T17:06:08.790122,Pin,13,Mode,5,left off
Time Stamp,2023-12-06T17:06:14.597898,Pin,12,Mode,5,right on
Time Stamp,2023-12-06T17:06:14.698707,Pin,12,Mode,5,right on
Time Stamp,2023-12-06T17:06:14.799999,Pin,12,Mode,5,right off
Time Stamp,2023-12-06T17:06:22.416424,Pin,13,Mode,5,left on
Time Stamp,2023-12-06T17:06:23.059628,Pin,13,Mode,5,left off
Time Stamp,2023-12-06T17:06:23.160849,Pin,12,Mode,5,right on
Time Stamp,2023-12-06T17:06:23.262596,Pin,12,Mode,5,right off
Time Stamp,2023-12-06T17:06:23.727165,Pin,13,Mode,5,left on
Time Stamp,2023-12-06T17:06:23.886685,Pin,13,Mode,5,left off
Time Stamp,2023-12-06T17:06:24.148880,Pin,13,Mode,5,left on
Time Stamp,2023-12-06T17:06:26.196763,Pin,13,Mode,5,left off
Time Stamp,2023-12-06T17:06:33.032684,Pin,12,Mode,5,right on
Time Stamp,2023-12-06T17:06:33.274189,Pin,12,Mode,5,right off
Time Stamp,2023-12-06T17:06:37.083201,Pin,13,Mode,5,left on
Time Stamp,2023-12-06T17:06:37.537524,Pin,13,Mode,5,left off
Time Stamp,2023-12-06T17:09:21.202755,Pin,12,Mode,3,right on
Time Stamp,2023-12-06T17:09:21.303783,Pin,12,Mode,3,right on
Time Stamp,2023-12-06T17:09:23.176657,Pin,12,Mode,3,right off
Time Stamp,2023-12-06T17:09:33.424361,Pin,12,Mode,3,right on
Time Stamp,2023-12-06T17:09:33.870916,Pin,12,Mode,3,right off
Time Stamp,2023-12-06T17:09:59.878580,Pin,12,Mode,3,right on
Time Stamp,2023-12-06T17:09:59.979704,Pin,12,Mode,3,right on
Time Stamp,2023-12-06T17:10:00.775813,Pin,12,Mode,3,right off
Time Stamp,2023-12-06T17:10:00.877361,Pin,12,Mode,3,right off
Time Stamp,2023-12-06T17:10:10.683148,Pin,12,Mode,3,right on
Time Stamp,2023-12-06T17:10:10.884095,Pin,12,Mode,3,right off
Time Stamp,2023-12-06T17:10:34.753809,Pin,12,Mode,3,right on
Time Stamp,2023-12-06T17:10:34.937901,Pin,12,Mode,3,right off
Time Stamp,2023-12-06T17:11:13.626130,Pin,12,Mode,3,right on
Time Stamp,2023-12-06T17:11:13.834964,Pin,12,Mode,3,right off
Time Stamp,2023-12-06T17:11:19.536237,Pin,13,Mode,3,left on
Time Stamp,2023-12-06T17:11:19.704450,Pin,13,Mode,3,left off
Time Stamp,2023-12-06T17:11:26.814398,Pin,12,Mode,3,right on
Time Stamp,2023-12-06T17:11:26.994503,Pin,12,Mode,3,right off
Time Stamp,2023-12-06T17:11:36.833205,Pin,13,Mode,3,left on
Time Stamp,2023-12-06T17:11:37.033477,Pin,13,Mode,3,left off
Time Stamp,2023-12-06T17:11:42.263315,Pin,12,Mode,3,right on
Time Stamp,2023-12-06T17:11:42.447191,Pin,12,Mode,3,right off
Time Stamp,2023-12-06T17:11:48.128676,Pin,13,Mode,3,left on
Time Stamp,2023-12-06T17:11:48.325153,Pin,13,Mode,3,left off
Time Stamp,2023-12-06T17:11:53.874862,Pin,12,Mode,3,right on
Time Stamp,2023-12-06T17:11:54.059210,Pin,12,Mode,3,right off
Time Stamp,2023-12-06T17:11:59.170554,Pin,13,Mode,3,left on
Time Stamp,2023-12-06T17:11:59.338623,Pin,13,Mode,3,left off
Time Stamp,2023-12-06T17:12:13.681988,Pin,13,Mode,3,left on
Time Stamp,2023-12-06T17:12:13.870415,Pin,13,Mode,3,left off
Time Stamp,2023-12-06T17:12:18.985540,Pin,12,Mode,3,right on
Time Stamp,2023-12-06T17:12:19.086438,Pin,12,Mode,3,right on
Time Stamp,2023-12-06T17:12:19.595801,Pin,12,Mode,3,right off
Time Stamp,2023-12-06T17:12:21.226224,Pin,12,Mode,3,right on
Time Stamp,2023-12-06T17:12:21.327441,Pin,12,Mode,3,right on
Time Stamp,2023-12-06T17:12:21.701439,Pin,12,Mode,3,right off
Time Stamp,2023-12-06T17:12:22.442645,Pin,12,Mode,3,right on
Time Stamp,2023-12-06T17:12:22.614722,Pin,12,Mode,3,right off
Time Stamp,2023-12-06T17:12:29.196622,Pin,12,Mode,3,right on
Time Stamp,2023-12-06T17:12:29.380795,Pin,12,Mode,3,right off
Time Stamp,2023-12-06T17:12:37.764606,Pin,13,Mode,3,left on
Time Stamp,2023-12-06T17:12:37.949145,Pin,13,Mode,3,left off
Time Stamp,2023-12-06T17:12:45.976592,Pin,12,Mode,3,right on
Time Stamp,2023-12-06T17:12:46.124258,Pin,12,Mode,3,right off
Time Stamp,2023-12-06T17:13:00.909439,Pin,13,Mode,3,left on
Time Stamp,2023-12-06T17:13:01.151358,Pin,13,Mode,3,left off
Time Stamp,2023-12-06T17:13:21.335185,Pin,13,Mode,3,left on
Time Stamp,2023-12-06T17:13:21.572642,Pin,13,Mode,3,left off
Time Stamp,2023-12-06T17:13:39.785981,Pin,12,Mode,3,right on
Time Stamp,2023-12-06T17:13:39.887048,Pin,12,Mode,3,right on
Time Stamp,2023-12-06T17:13:40.302215,Pin,12,Mode,3,right off
Time Stamp,2023-12-06T17:13:40.830446,Pin,12,Mode,3,right on
Time Stamp,2023-12-06T17:13:41.105213,Pin,12,Mode,3,right off
Time Stamp,2023-12-06T17:13:46.531820,Pin,13,Mode,3,left on
Time Stamp,2023-12-06T17:13:47.220228,Pin,13,Mode,3,left off
Time Stamp,2023-12-06T17:13:51.180878,Pin,12,Mode,3,right on
Time Stamp,2023-12-06T17:13:51.348356,Pin,12,Mode,3,right off
Time Stamp,2023-12-06T17:13:55.923519,Pin,13,Mode,3,left on
Time Stamp,2023-12-06T17:13:56.111948,Pin,13,Mode,3,left off
Time Stamp,2023-12-06T17:14:03.901982,Pin,12,Mode,3,right on
Time Stamp,2023-12-06T17:14:04.073776,Pin,12,Mode,3,right off
Time Stamp,2023-12-06T17:14:08.595521,Pin,13,Mode,3,left on
Time Stamp,2023-12-06T17:14:08.787856,Pin,13,Mode,3,left off
Time Stamp,2023-12-06T17:14:15.578845,Pin,12,Mode,3,right on
Time Stamp,2023-12-06T17:14:15.680090,Pin,12,Mode,3,right on
Time Stamp,2023-12-06T17:14:17.888961,Pin,13,Mode,3,left on
Time Stamp,2023-12-06T17:14:17.990092,Pin,13,Mode,3,left off
Time Stamp,2023-12-06T17:14:26.804933,Pin,13,Mode,3,left on
Time Stamp,2023-12-06T17:14:27.218766,Pin,13,Mode,3,left off
Time Stamp,2023-12-06T17:14:38.719635,Pin,13,Mode,3,left on
Time Stamp,2023-12-06T17:14:38.985538,Pin,13,Mode,3,left off
Time Stamp,2023-12-06T17:14:54.631552,Pin,13,Mode,3,left on
Time Stamp,2023-12-06T17:14:54.732270,Pin,13,Mode,3,left on
Time Stamp,2023-12-06T17:14:55.069621,Pin,13,Mode,3,left off
Time Stamp,2023-12-06T17:15:02.917053,Pin,12,Mode,3,right on
Time Stamp,2023-12-06T17:15:03.076708,Pin,12,Mode,3,right off
Time Stamp,2023-12-06T17:15:08.003901,Pin,12,Mode,3,right on
Time Stamp,2023-12-06T17:15:08.388981,Pin,12,Mode,3,right off
Time Stamp,2023-12-06T17:15:24.231208,Pin,13,Mode,3,left on
Time Stamp,2023-12-06T17:15:24.419521,Pin,13,Mode,3,left off
Time Stamp,2023-12-06T17:15:38.865363,Pin,12,Mode,3,right on
Time Stamp,2023-12-06T17:15:39.016574,Pin,12,Mode,3,right off
Time Stamp,2023-12-06T17:15:52.766146,Pin,13,Mode,3,left on
Time Stamp,2023-12-06T17:15:53.024025,Pin,13,Mode,3,left off
Time Stamp,2023-12-06T17:16:00.699776,Pin,12,Mode,3,right on
Time Stamp,2023-12-06T17:16:00.859023,Pin,12,Mode,3,right off
Time Stamp,2023-12-06T17:16:06.711770,Pin,13,Mode,3,left on
Time Stamp,2023-12-06T17:16:06.908838,Pin,13,Mode,3,left off
Time Stamp,2023-12-06T17:16:13.674915,Pin,12,Mode,3,right on
Time Stamp,2023-12-06T17:16:13.973543,Pin,12,Mode,3,right off
Time Stamp,2023-12-06T17:16:17.614716,Pin,13,Mode,3,left on
Time Stamp,2023-12-06T17:16:17.852549,Pin,13,Mode,3,left off
Time Stamp,2023-12-06T17:16:21.132863,Pin,12,Mode,3,right on
Time Stamp,2023-12-06T17:16:21.296942,Pin,12,Mode,3,right off
Time Stamp,2023-12-06T17:16:31.569164,Pin,13,Mode,3,left on
Time Stamp,2023-12-06T17:16:31.769550,Pin,13,Mode,3,left off
Time Stamp,2023-12-06T17:16:37.347918,Pin,12,Mode,3,right on
Time Stamp,2023-12-06T17:16:37.524186,Pin,12,Mode,3,right off
Time Stamp,2023-12-06T17:16:43.078147,Pin,13,Mode,3,left on
Time Stamp,2023-12-06T17:16:43.303431,Pin,13,Mode,3,left off
Time Stamp,2023-12-06T17:16:51.576728,Pin,12,Mode,3,right on
Time Stamp,2023-12-06T17:16:51.677778,Pin,12,Mode,3,right on
Time Stamp,2023-12-06T17:16:52.190939,Pin,12,Mode,3,right off
Time Stamp,2023-12-06T17:16:52.858527,Pin,12,Mode,3,right on
Time Stamp,2023-12-06T17:16:53.030535,Pin,12,Mode,3,right off
Time Stamp,2023-12-06T17:16:57.875932,Pin,13,Mode,3,left on
Time Stamp,2023-12-06T17:16:58.039372,Pin,13,Mode,3,left off
Time Stamp,2023-12-06T17:17:03.118070,Pin,12,Mode,3,right on
Time Stamp,2023-12-06T17:17:03.261770,Pin,12,Mode,3,right off
Time Stamp,2023-12-06T17:21:22.553762,Pin,12,Mode,3,right on
Time Stamp,2023-12-06T17:21:23.582085,Pin,12,Mode,3,right off
Time Stamp,2023-12-06T17:21:24.437491,Pin,13,Mode,3,left on
Time Stamp,2023-12-06T17:21:25.138301,Pin,13,Mode,3,left off
Time Stamp,2023-12-06T17:21:25.985656,Pin,13,Mode,3,left on
Time Stamp,2023-12-06T17:21:29.156114,Pin,13,Mode,3,left off
Time Stamp,2023-12-06T17:21:33.423843,Pin,13,Mode,3,left on
Time Stamp,2023-12-06T17:21:34.009329,Pin,13,Mode,3,left off
